"id","klasse","jahrgang","gruppe","geschlecht","hisei","motivation","pre","post","followup"
1,1,9,"traditionell","weiblich",66,3.6,62,69,68
2,1,9,"traditionell","maennlich",42,3.2,70,75,72
3,1,9,"traditionell","weiblich",28,3.2,63,65,56
4,1,9,"traditionell","weiblich",34,3.6,55,55,52
5,1,9,"traditionell","weiblich",45,2,38,47,45
6,1,9,"traditionell","weiblich",43,1.8,46,55,49
7,1,9,"traditionell","maennlich",37,3.5,58,63,60
8,1,9,"traditionell","weiblich",62,2.1,36,44,38
9,1,9,"traditionell","weiblich",73,3.5,65,70,69
10,1,9,"traditionell","weiblich",90,4,66,67,64
11,1,9,"traditionell","maennlich",60,2.5,42,49,43
12,1,9,"traditionell","weiblich",47,3.9,70,79,75
13,1,9,"traditionell","maennlich",40,2.8,54,63,67
14,1,9,"traditionell","weiblich",43,3.1,36,41,40
15,1,9,"traditionell","weiblich",55,1.6,37,34,32
16,1,9,"traditionell","weiblich",68,3.4,62,64,56
17,1,9,"traditionell","weiblich",38,2.6,43,44,37
18,1,9,"traditionell","weiblich",41,2.1,35,33,29
19,1,9,"traditionell","maennlich",44,1.9,49,49,44
20,1,9,"traditionell","maennlich",23,1.9,39,37,35
21,1,9,"traditionell","weiblich",52,3.1,59,67,65
22,1,9,"traditionell","maennlich",59,3.1,57,56,56
23,1,9,"traditionell","weiblich",74,3.3,80,91,87
24,1,9,"traditionell","maennlich",32,2.3,64,64,62
25,1,9,"traditionell","maennlich",63,2.6,58,64,64
26,1,9,"traditionell","weiblich",32,2.4,39,39,33
27,1,9,"traditionell","maennlich",34,2.2,45,47,48
28,1,9,"traditionell","weiblich",28,1.9,40,46,39
29,1,9,"traditionell","weiblich",63,2.2,54,59,48
30,1,9,"traditionell","divers",48,3.5,54,52,47
31,2,10,"traditionell","weiblich",43,2.2,47,48,50
32,2,10,"traditionell","weiblich",50,2.3,34,42,42
33,2,10,"traditionell","maennlich",26,2.3,49,48,51
34,2,10,"traditionell","maennlich",22,1.3,40,43,39
35,2,10,"traditionell","weiblich",54,2.8,54,48,43
36,2,10,"traditionell","weiblich",46,1.7,55,62,61
37,2,10,"traditionell","maennlich",62,2.6,54,57,51
38,2,10,"traditionell","maennlich",37,3.4,56,59,55
39,2,10,"traditionell","maennlich",48,1,61,61,64
40,2,10,"traditionell","maennlich",45,2.3,53,53,51
41,2,10,"traditionell","maennlich",63,2,48,57,57
42,2,10,"traditionell","weiblich",64,1.8,42,51,44
43,2,10,"traditionell","maennlich",55,4.3,67,81,74
44,2,10,"traditionell","weiblich",53,3,46,50,48
45,2,10,"traditionell","weiblich",67,2.8,51,59,56
46,2,10,"traditionell","weiblich",63,2.4,42,43,45
47,2,10,"traditionell","maennlich",32,2.5,60,61,51
48,2,10,"traditionell","weiblich",55,2.1,44,44,38
49,2,10,"traditionell","maennlich",58,3.4,46,52,43
50,2,10,"traditionell","weiblich",39,2.2,30,28,25
51,2,10,"traditionell","maennlich",44,3.5,46,47,48
52,2,10,"traditionell","maennlich",59,2,45,45,41
53,2,10,"traditionell","weiblich",38,2.9,39,40,41
54,2,10,"traditionell","weiblich",53,2.5,44,51,44
55,2,10,"traditionell","maennlich",35,2,48,50,47
56,2,10,"traditionell","maennlich",68,2.6,47,58,55
57,2,10,"traditionell","weiblich",60,3.1,48,48,44
58,2,10,"traditionell","weiblich",39,2.8,52,59,57
59,2,10,"traditionell","maennlich",72,2.5,59,57,54
60,2,10,"traditionell","weiblich",83,2.9,49,57,53
61,3,9,"Deeper Learning","weiblich",54,2.5,56,67,58
62,3,9,"Deeper Learning","maennlich",57,1.7,52,55,48
63,3,9,"Deeper Learning","weiblich",40,2.2,52,60,54
64,3,9,"Deeper Learning","weiblich",55,2.5,30,36,31
65,3,9,"Deeper Learning","weiblich",48,3,62,61,61
66,3,9,"Deeper Learning","weiblich",55,2.5,52,62,59
67,3,9,"Deeper Learning","weiblich",39,1.3,39,52,49
68,3,9,"Deeper Learning","weiblich",41,2.6,39,45,45
69,3,9,"Deeper Learning","weiblich",75,3.1,36,42,43
70,3,9,"Deeper Learning","weiblich",27,1.2,20,36,30
71,3,9,"Deeper Learning","maennlich",27,2.7,22,27,31
72,3,9,"Deeper Learning","weiblich",67,1.8,50,65,59
73,3,9,"Deeper Learning","weiblich",43,3.5,48,64,62
74,3,9,"Deeper Learning","weiblich",44,1.5,38,37,40
75,3,9,"Deeper Learning","weiblich",67,4.2,52,73,76
76,3,9,"Deeper Learning","weiblich",67,2.8,59,64,58
77,3,9,"Deeper Learning","maennlich",56,2.8,41,47,44
78,3,9,"Deeper Learning","maennlich",51,2.3,46,58,55
79,3,9,"Deeper Learning","maennlich",29,1.5,50,56,52
80,3,9,"Deeper Learning","weiblich",39,3.6,52,57,60
81,3,9,"Deeper Learning","maennlich",55,2.5,45,40,41
82,3,9,"Deeper Learning","weiblich",73,3.2,57,73,84
83,3,9,"Deeper Learning","maennlich",63,2.5,29,38,43
84,3,9,"Deeper Learning","maennlich",44,2.4,36,41,41
85,3,9,"Deeper Learning","maennlich",27,2.5,36,49,49
86,3,9,"Deeper Learning","maennlich",36,3.1,30,37,34
87,3,9,"Deeper Learning","weiblich",40,2.9,45,55,51
88,3,9,"Deeper Learning","maennlich",48,2.8,41,43,43
89,3,9,"Deeper Learning","maennlich",44,3.9,52,65,70
90,3,9,"Deeper Learning","weiblich",42,3.2,71,88,80
91,4,10,"traditionell","weiblich",72,3.2,76,81,83
92,4,10,"traditionell","maennlich",58,4.3,49,63,55
93,4,10,"traditionell","weiblich",68,3.9,74,79,70
94,4,10,"traditionell","weiblich",54,3.4,67,68,74
95,4,10,"traditionell","weiblich",43,2.6,42,45,42
96,4,10,"traditionell","maennlich",45,2.8,52,52,53
97,4,10,"traditionell","divers",64,4.6,75,80,80
98,4,10,"traditionell","weiblich",29,3.5,70,73,70
99,4,10,"traditionell","maennlich",45,2.3,39,36,34
100,4,10,"traditionell","weiblich",36,3.2,57,61,60
101,4,10,"traditionell","weiblich",57,2.7,59,56,54
102,4,10,"traditionell","weiblich",40,3,61,73,77
103,4,10,"traditionell","weiblich",41,3.3,58,69,76
104,4,10,"traditionell","maennlich",22,2.6,64,75,68
105,4,10,"traditionell","maennlich",79,3.9,86,83,72
106,4,10,"traditionell","maennlich",54,2.1,34,39,40
107,4,10,"traditionell","divers",33,3.8,59,62,62
108,4,10,"traditionell","weiblich",57,1.6,66,66,66
109,4,10,"traditionell","weiblich",67,1.6,41,37,39
110,4,10,"traditionell","maennlich",72,2.7,53,69,63
111,4,10,"traditionell","weiblich",22,4,52,57,53
112,4,10,"traditionell","weiblich",40,1.5,48,55,53
113,4,10,"traditionell","maennlich",41,1.9,49,56,54
114,4,10,"traditionell","weiblich",37,2.6,54,61,60
115,4,10,"traditionell","maennlich",43,3.1,69,85,77
116,4,10,"traditionell","maennlich",43,2.1,41,34,34
117,4,10,"traditionell","maennlich",33,1.8,43,50,44
118,4,10,"traditionell","maennlich",35,1.7,46,55,56
119,4,10,"traditionell","weiblich",53,3.5,44,53,43
120,4,10,"traditionell","divers",34,4.7,77,88,84
121,5,9,"Deeper Learning","weiblich",32,3.3,38,47,44
122,5,9,"Deeper Learning","weiblich",55,2.6,55,59,48
123,5,9,"Deeper Learning","maennlich",59,3.4,60,69,61
124,5,9,"Deeper Learning","weiblich",62,3.1,44,57,58
125,5,9,"Deeper Learning","maennlich",69,4.5,70,74,72
126,5,9,"Deeper Learning","maennlich",32,1.7,33,40,33
127,5,9,"Deeper Learning","weiblich",41,2.4,44,55,53
128,5,9,"Deeper Learning","weiblich",35,3.6,52,55,52
129,5,9,"Deeper Learning","maennlich",53,3.3,48,64,72
130,5,9,"Deeper Learning","maennlich",37,2.3,49,55,53
131,5,9,"Deeper Learning","maennlich",33,3.2,55,68,64
132,5,9,"Deeper Learning","weiblich",27,3.5,37,36,32
133,5,9,"Deeper Learning","maennlich",35,2,56,63,64
134,5,9,"Deeper Learning","weiblich",60,3.6,40,49,49
135,5,9,"Deeper Learning","weiblich",31,2.9,45,50,39
136,5,9,"Deeper Learning","maennlich",85,2.5,56,68,60
137,5,9,"Deeper Learning","maennlich",37,3.4,47,59,54
138,5,9,"Deeper Learning","weiblich",26,2.1,34,41,36
139,5,9,"Deeper Learning","weiblich",34,2.7,46,52,45
140,5,9,"Deeper Learning","weiblich",64,2.3,52,62,60
141,5,9,"Deeper Learning","maennlich",64,4.9,60,74,73
142,5,9,"Deeper Learning","maennlich",66,4.2,60,64,67
143,5,9,"Deeper Learning","weiblich",57,2.2,63,61,53
144,5,9,"Deeper Learning","maennlich",60,2.9,44,62,63
145,5,9,"Deeper Learning","weiblich",46,2.9,49,62,52
146,5,9,"Deeper Learning","maennlich",55,5,72,92,93
147,5,9,"Deeper Learning","weiblich",43,3.1,53,70,69
148,5,9,"Deeper Learning","maennlich",70,3.6,71,78,72
149,5,9,"Deeper Learning","maennlich",52,3.4,61,68,69
150,5,9,"Deeper Learning","weiblich",72,3.4,52,56,59
151,6,10,"traditionell","maennlich",51,3.2,54,56,57
152,6,10,"traditionell","maennlich",55,3.2,52,61,60
153,6,10,"traditionell","weiblich",51,2.4,58,70,67
154,6,10,"traditionell","maennlich",53,2.4,38,37,39
155,6,10,"traditionell","maennlich",75,3.9,65,76,79
156,6,10,"traditionell","maennlich",39,3.7,60,68,65
157,6,10,"traditionell","maennlich",53,2.2,43,57,58
158,6,10,"traditionell","maennlich",34,4.1,63,67,65
159,6,10,"traditionell","maennlich",36,2.6,60,70,65
160,6,10,"traditionell","weiblich",19,2.4,59,55,55
161,6,10,"traditionell","maennlich",40,2.6,53,59,56
162,6,10,"traditionell","maennlich",41,2.7,39,50,47
163,6,10,"traditionell","maennlich",34,2.6,55,64,59
164,6,10,"traditionell","weiblich",46,3.1,45,49,45
165,6,10,"traditionell","weiblich",26,2.2,53,62,56
166,6,10,"traditionell","maennlich",20,4,58,63,57
167,6,10,"traditionell","weiblich",42,2.9,62,69,71
168,6,10,"traditionell","maennlich",48,2.7,69,87,87
169,6,10,"traditionell","maennlich",49,3.7,52,60,55
170,6,10,"traditionell","weiblich",54,3,45,51,50
171,6,10,"traditionell","maennlich",44,2.5,56,56,49
172,6,10,"traditionell","maennlich",46,3.5,47,53,48
173,6,10,"traditionell","maennlich",42,2.6,52,51,47
174,6,10,"traditionell","weiblich",76,4.1,76,83,77
175,6,10,"traditionell","weiblich",23,2.8,64,63,59
176,6,10,"traditionell","maennlich",47,2.3,55,57,55
177,6,10,"traditionell","weiblich",41,3.5,63,68,68
178,6,10,"traditionell","weiblich",43,2.5,53,55,48
179,6,10,"traditionell","weiblich",35,2.5,66,71,73
180,6,10,"traditionell","weiblich",55,4.4,65,67,58
181,7,9,"traditionell","weiblich",28,3,52,63,65
182,7,9,"traditionell","weiblich",45,2.7,78,83,77
183,7,9,"traditionell","maennlich",44,3,68,79,74
184,7,9,"traditionell","weiblich",40,2.5,63,75,79
185,7,9,"traditionell","weiblich",33,1.4,32,42,45
186,7,9,"traditionell","maennlich",58,2.5,39,37,33
187,7,9,"traditionell","maennlich",57,3.2,66,75,75
188,7,9,"traditionell","weiblich",34,2.8,44,50,52
189,7,9,"traditionell","maennlich",36,3.2,59,70,72
190,7,9,"traditionell","divers",63,3.4,61,68,60
191,7,9,"traditionell","weiblich",56,2.8,66,69,62
192,7,9,"traditionell","maennlich",20,2.8,58,67,62
193,7,9,"traditionell","weiblich",45,3.3,60,69,72
194,7,9,"traditionell","weiblich",24,2.7,43,52,52
195,7,9,"traditionell","weiblich",37,2.6,69,71,61
196,7,9,"traditionell","divers",48,3.6,55,62,61
197,7,9,"traditionell","weiblich",42,3.5,45,48,40
198,7,9,"traditionell","weiblich",44,3.7,56,63,64
199,7,9,"traditionell","maennlich",21,3.1,53,61,55
200,7,9,"traditionell","weiblich",70,3.6,55,66,66
201,7,9,"traditionell","maennlich",56,3.6,68,75,75
202,7,9,"traditionell","maennlich",61,2.2,60,63,57
203,7,9,"traditionell","maennlich",63,3.8,62,85,82
204,7,9,"traditionell","weiblich",69,3.8,49,51,50
205,7,9,"traditionell","maennlich",52,3.6,65,75,75
206,7,9,"traditionell","weiblich",43,4.4,63,62,55
207,7,9,"traditionell","maennlich",31,1.6,62,77,77
208,7,9,"traditionell","divers",40,4.3,60,74,73
209,7,9,"traditionell","weiblich",57,3.3,88,92,95
210,7,9,"traditionell","weiblich",58,2.7,56,64,62
211,8,10,"Deeper Learning","maennlich",32,2.2,59,56,51
212,8,10,"Deeper Learning","weiblich",73,3.7,70,87,81
213,8,10,"Deeper Learning","maennlich",49,3.2,59,64,53
214,8,10,"Deeper Learning","weiblich",61,3.3,57,62,56
215,8,10,"Deeper Learning","maennlich",51,2.7,36,45,50
216,8,10,"Deeper Learning","weiblich",55,1.9,51,53,56
217,8,10,"Deeper Learning","weiblich",15,2.5,35,44,44
218,8,10,"Deeper Learning","weiblich",64,4.6,77,85,86
219,8,10,"Deeper Learning","maennlich",56,1.9,57,61,55
220,8,10,"Deeper Learning","maennlich",49,1.9,55,56,55
221,8,10,"Deeper Learning","maennlich",59,3.1,58,65,63
222,8,10,"Deeper Learning","weiblich",49,2.9,63,67,72
223,8,10,"Deeper Learning","weiblich",54,4.2,60,67,69
224,8,10,"Deeper Learning","weiblich",47,2.2,54,67,57
225,8,10,"Deeper Learning","maennlich",51,2.1,62,80,81
226,8,10,"Deeper Learning","maennlich",43,4.2,76,79,80
227,8,10,"Deeper Learning","weiblich",48,2.1,53,52,44
228,8,10,"Deeper Learning","maennlich",48,2.2,49,57,54
229,8,10,"Deeper Learning","maennlich",54,3.6,63,72,67
230,8,10,"Deeper Learning","maennlich",43,3.4,53,66,69
231,8,10,"Deeper Learning","maennlich",62,3.9,71,87,91
232,8,10,"Deeper Learning","maennlich",32,1.9,46,54,49
233,8,10,"Deeper Learning","weiblich",48,3,63,70,69
234,8,10,"Deeper Learning","maennlich",41,3.6,63,65,67
235,8,10,"Deeper Learning","weiblich",35,1.6,48,53,53
236,8,10,"Deeper Learning","maennlich",51,3.3,52,59,61
237,8,10,"Deeper Learning","weiblich",45,2.1,64,76,71
238,8,10,"Deeper Learning","weiblich",51,3.6,64,64,62
239,8,10,"Deeper Learning","maennlich",47,3.1,42,57,56
240,8,10,"Deeper Learning","weiblich",65,3.2,56,74,65
241,9,9,"Deeper Learning","weiblich",45,3.7,74,83,88
242,9,9,"Deeper Learning","weiblich",54,1,42,50,52
243,9,9,"Deeper Learning","weiblich",57,3.1,62,78,84
244,9,9,"Deeper Learning","weiblich",42,2.5,43,51,49
245,9,9,"Deeper Learning","weiblich",32,3.2,49,55,55
246,9,9,"Deeper Learning","maennlich",57,3.8,60,65,66
247,9,9,"Deeper Learning","maennlich",66,2.4,51,55,53
248,9,9,"Deeper Learning","maennlich",46,3.4,46,57,55
249,9,9,"Deeper Learning","weiblich",36,3.1,52,66,66
250,9,9,"Deeper Learning","weiblich",58,3.7,48,61,65
251,9,9,"Deeper Learning","maennlich",72,2.9,50,59,56
252,9,9,"Deeper Learning","weiblich",75,2.7,60,74,69
253,9,9,"Deeper Learning","weiblich",66,5,58,66,71
254,9,9,"Deeper Learning","maennlich",39,2.7,45,49,37
255,9,9,"Deeper Learning","weiblich",63,3.4,73,75,67
256,9,9,"Deeper Learning","weiblich",36,1.5,57,61,55
257,9,9,"Deeper Learning","weiblich",53,3.5,54,67,64
258,9,9,"Deeper Learning","weiblich",40,3.5,69,86,84
259,9,9,"Deeper Learning","maennlich",49,3.7,58,70,57
260,9,9,"Deeper Learning","weiblich",34,4.3,41,47,44
261,9,9,"Deeper Learning","maennlich",54,4.2,46,50,51
262,9,9,"Deeper Learning","maennlich",65,4.2,86,96,93
263,9,9,"Deeper Learning","weiblich",55,3.9,61,72,69
264,9,9,"Deeper Learning","maennlich",61,2.9,54,75,68
265,9,9,"Deeper Learning","maennlich",42,2.5,45,57,56
266,9,9,"Deeper Learning","divers",41,1.6,31,36,34
267,9,9,"Deeper Learning","maennlich",58,3.5,59,65,60
268,9,9,"Deeper Learning","weiblich",47,4.6,74,91,92
269,9,9,"Deeper Learning","maennlich",75,5,58,66,65
270,9,9,"Deeper Learning","maennlich",70,2.7,67,86,83
271,10,10,"traditionell","weiblich",53,2.5,32,34,36
272,10,10,"traditionell","maennlich",49,2.7,46,52,48
273,10,10,"traditionell","weiblich",51,2.1,30,32,23
274,10,10,"traditionell","weiblich",57,3.2,62,65,56
275,10,10,"traditionell","weiblich",56,4,58,63,60
276,10,10,"traditionell","maennlich",59,2.9,59,63,64
277,10,10,"traditionell","maennlich",49,2.2,43,37,25
278,10,10,"traditionell","maennlich",60,2.6,48,48,44
279,10,10,"traditionell","maennlich",62,2.7,50,54,50
280,10,10,"traditionell","maennlich",47,2.6,62,60,62
281,10,10,"traditionell","maennlich",43,4.2,52,57,52
282,10,10,"traditionell","weiblich",72,3.7,61,61,56
283,10,10,"traditionell","maennlich",42,3.3,47,45,49
284,10,10,"traditionell","maennlich",39,3.2,60,76,67
285,10,10,"traditionell","weiblich",51,2.1,41,45,43
286,10,10,"traditionell","maennlich",58,3.7,56,63,66
287,10,10,"traditionell","maennlich",13,3.5,40,46,35
288,10,10,"traditionell","divers",40,3.2,53,56,53
289,10,10,"traditionell","weiblich",20,2.4,51,59,58
290,10,10,"traditionell","maennlich",42,2,45,48,45
291,10,10,"traditionell","maennlich",48,2.8,41,50,40
292,10,10,"traditionell","weiblich",40,2.3,55,53,53
293,10,10,"traditionell","maennlich",71,3.4,76,84,79
294,10,10,"traditionell","maennlich",60,2.9,39,44,46
295,10,10,"traditionell","weiblich",49,2.8,42,45,38
296,10,10,"traditionell","maennlich",70,1.5,62,75,68
297,10,10,"traditionell","maennlich",54,3.1,33,31,23
298,10,10,"traditionell","maennlich",46,2.5,41,40,35
299,10,10,"traditionell","weiblich",46,1.4,43,56,42
300,10,10,"traditionell","maennlich",35,2.7,58,65,63
301,11,9,"Deeper Learning","maennlich",69,4.5,67,77,83
302,11,9,"Deeper Learning","weiblich",28,3.2,50,60,63
303,11,9,"Deeper Learning","weiblich",86,4.7,65,79,81
304,11,9,"Deeper Learning","maennlich",44,4,72,86,77
305,11,9,"Deeper Learning","weiblich",66,2.9,63,72,67
306,11,9,"Deeper Learning","maennlich",48,2.2,39,50,45
307,11,9,"Deeper Learning","weiblich",65,4.2,71,69,60
308,11,9,"Deeper Learning","maennlich",37,2.3,53,57,60
309,11,9,"Deeper Learning","maennlich",67,3.4,62,78,71
310,11,9,"Deeper Learning","maennlich",45,3.7,61,79,76
311,11,9,"Deeper Learning","weiblich",52,4.5,67,85,82
312,11,9,"Deeper Learning","weiblich",72,4.2,74,81,74
313,11,9,"Deeper Learning","weiblich",46,2.8,46,51,40
314,11,9,"Deeper Learning","maennlich",69,1.8,71,70,72
315,11,9,"Deeper Learning","weiblich",39,3.6,68,78,75
316,11,9,"Deeper Learning","maennlich",62,3.4,59,69,68
317,11,9,"Deeper Learning","maennlich",59,2.7,50,58,56
318,11,9,"Deeper Learning","weiblich",69,3.7,73,85,84
319,11,9,"Deeper Learning","maennlich",46,2.8,55,61,55
320,11,9,"Deeper Learning","maennlich",64,3.7,69,85,80
321,11,9,"Deeper Learning","maennlich",44,3.8,68,71,74
322,11,9,"Deeper Learning","weiblich",48,2.2,48,60,58
323,11,9,"Deeper Learning","weiblich",59,3.1,74,81,76
324,11,9,"Deeper Learning","maennlich",43,3.4,94,100,96
325,11,9,"Deeper Learning","maennlich",72,4.4,63,80,82
326,11,9,"Deeper Learning","weiblich",43,4.3,56,59,57
327,11,9,"Deeper Learning","maennlich",39,1.8,54,60,66
328,11,9,"Deeper Learning","weiblich",38,2.7,40,44,39
329,11,9,"Deeper Learning","maennlich",37,2.7,60,62,63
330,11,9,"Deeper Learning","weiblich",52,3.2,55,51,47
331,12,10,"Deeper Learning","weiblich",41,2.7,59,62,61
332,12,10,"Deeper Learning","weiblich",40,2.7,64,67,64
333,12,10,"Deeper Learning","maennlich",72,2.4,53,63,61
334,12,10,"Deeper Learning","weiblich",58,2,51,62,59
335,12,10,"Deeper Learning","maennlich",54,3.5,69,77,78
336,12,10,"Deeper Learning","maennlich",46,2.7,56,61,63
337,12,10,"Deeper Learning","maennlich",31,3.2,50,66,63
338,12,10,"Deeper Learning","weiblich",43,2.6,49,53,45
339,12,10,"Deeper Learning","maennlich",41,2.8,49,64,65
340,12,10,"Deeper Learning","weiblich",84,2.5,55,59,51
341,12,10,"Deeper Learning","maennlich",37,2.1,44,54,44
342,12,10,"Deeper Learning","weiblich",46,3.6,56,66,75
343,12,10,"Deeper Learning","maennlich",34,4.9,59,69,67
344,12,10,"Deeper Learning","weiblich",36,2.2,41,51,41
345,12,10,"Deeper Learning","weiblich",53,4.2,64,78,79
346,12,10,"Deeper Learning","weiblich",36,2.3,55,60,55
347,12,10,"Deeper Learning","maennlich",34,3.5,63,71,72
348,12,10,"Deeper Learning","maennlich",47,3,68,65,67
349,12,10,"Deeper Learning","weiblich",64,4,65,76,76
350,12,10,"Deeper Learning","weiblich",62,2.9,59,71,72
351,12,10,"Deeper Learning","maennlich",52,2.7,68,77,83
352,12,10,"Deeper Learning","maennlich",59,4.8,75,88,84
353,12,10,"Deeper Learning","weiblich",14,2.8,47,65,58
354,12,10,"Deeper Learning","maennlich",48,3.2,53,67,58
355,12,10,"Deeper Learning","weiblich",34,2.4,41,47,38
356,12,10,"Deeper Learning","weiblich",55,1,41,38,39
357,12,10,"Deeper Learning","maennlich",51,3.4,53,55,52
358,12,10,"Deeper Learning","weiblich",60,2.5,49,54,49
359,12,10,"Deeper Learning","weiblich",76,4.6,73,94,92
360,12,10,"Deeper Learning","maennlich",43,3.5,38,48,50
361,13,9,"Deeper Learning","maennlich",59,2.8,66,74,69
362,13,9,"Deeper Learning","weiblich",55,4,63,76,81
363,13,9,"Deeper Learning","maennlich",71,2,59,65,61
364,13,9,"Deeper Learning","weiblich",44,3.3,56,66,62
365,13,9,"Deeper Learning","weiblich",84,3.3,56,68,66
366,13,9,"Deeper Learning","weiblich",36,2,54,69,69
367,13,9,"Deeper Learning","weiblich",69,3.5,51,57,58
368,13,9,"Deeper Learning","maennlich",52,3.4,63,82,77
369,13,9,"Deeper Learning","weiblich",33,3.4,47,55,58
370,13,9,"Deeper Learning","maennlich",62,3.8,89,100,100
371,13,9,"Deeper Learning","maennlich",31,2.6,38,60,48
372,13,9,"Deeper Learning","weiblich",37,2.5,47,58,64
373,13,9,"Deeper Learning","weiblich",57,3.9,75,84,90
374,13,9,"Deeper Learning","maennlich",74,4.7,78,91,77
375,13,9,"Deeper Learning","weiblich",76,3.1,51,58,61
376,13,9,"Deeper Learning","weiblich",50,1.4,41,47,44
377,13,9,"Deeper Learning","weiblich",53,1.9,40,53,54
378,13,9,"Deeper Learning","maennlich",20,1.7,55,62,61
379,13,9,"Deeper Learning","weiblich",44,3.5,48,50,47
380,13,9,"Deeper Learning","maennlich",43,2.7,47,48,37
381,13,9,"Deeper Learning","maennlich",63,4.1,59,78,78
382,13,9,"Deeper Learning","weiblich",41,1.2,45,50,49
383,13,9,"Deeper Learning","weiblich",31,2.7,63,75,76
384,13,9,"Deeper Learning","maennlich",55,5,80,97,95
385,13,9,"Deeper Learning","maennlich",39,2.2,41,53,50
386,13,9,"Deeper Learning","weiblich",69,3.8,67,83,82
387,13,9,"Deeper Learning","maennlich",88,3.1,63,75,74
388,13,9,"Deeper Learning","maennlich",39,3.2,47,56,56
389,13,9,"Deeper Learning","maennlich",55,2.4,53,61,59
390,13,9,"Deeper Learning","divers",59,3.2,67,89,87
391,14,10,"traditionell","maennlich",48,2,40,47,42
392,14,10,"traditionell","maennlich",73,1.7,57,70,66
393,14,10,"traditionell","weiblich",73,2,48,56,56
394,14,10,"traditionell","maennlich",48,3.8,50,62,51
395,14,10,"traditionell","weiblich",44,2,41,41,34
396,14,10,"traditionell","maennlich",50,4.1,67,76,79
397,14,10,"traditionell","maennlich",46,3.5,55,62,59
398,14,10,"traditionell","weiblich",37,2.5,44,56,54
399,14,10,"traditionell","weiblich",34,1.8,40,48,50
400,14,10,"traditionell","maennlich",57,2.3,58,64,59
401,14,10,"traditionell","maennlich",28,1.9,51,56,58
402,14,10,"traditionell","weiblich",56,3.8,63,75,72
403,14,10,"traditionell","weiblich",35,2.1,47,53,52
404,14,10,"traditionell","maennlich",43,1.9,58,57,57
405,14,10,"traditionell","weiblich",27,2.2,54,51,46
406,14,10,"traditionell","weiblich",44,2.1,39,48,46
407,14,10,"traditionell","weiblich",45,2.7,48,47,37
408,14,10,"traditionell","maennlich",62,3.2,46,48,50
409,14,10,"traditionell","weiblich",81,1.5,59,60,52
410,14,10,"traditionell","maennlich",79,3.9,65,76,74
411,14,10,"traditionell","weiblich",65,3,65,74,72
412,14,10,"traditionell","maennlich",45,2.7,54,56,53
413,14,10,"traditionell","maennlich",42,3.7,71,83,78
414,14,10,"traditionell","maennlich",66,2.8,57,60,50
415,14,10,"traditionell","maennlich",43,3.3,59,70,64
416,14,10,"traditionell","weiblich",50,3.2,56,59,56
417,14,10,"traditionell","maennlich",48,2.8,48,58,55
418,14,10,"traditionell","weiblich",62,3.4,59,62,68
419,14,10,"traditionell","weiblich",50,1.6,42,41,39
420,14,10,"traditionell","maennlich",65,4.1,80,92,91
421,15,9,"Deeper Learning","weiblich",68,3.2,64,65,64
422,15,9,"Deeper Learning","weiblich",49,3.8,57,67,61
423,15,9,"Deeper Learning","maennlich",46,2.8,56,56,57
424,15,9,"Deeper Learning","weiblich",59,3.1,67,78,82
425,15,9,"Deeper Learning","weiblich",53,2.6,58,61,60
426,15,9,"Deeper Learning","maennlich",68,2.3,56,65,72
427,15,9,"Deeper Learning","weiblich",17,2.5,48,63,62
428,15,9,"Deeper Learning","maennlich",63,2.3,53,56,50
429,15,9,"Deeper Learning","weiblich",44,1.3,45,51,49
430,15,9,"Deeper Learning","maennlich",41,2.2,57,58,51
431,15,9,"Deeper Learning","weiblich",60,2.4,68,70,68
432,15,9,"Deeper Learning","maennlich",56,2.7,45,61,57
433,15,9,"Deeper Learning","maennlich",54,2,40,52,54
434,15,9,"Deeper Learning","maennlich",56,2.5,64,66,73
435,15,9,"Deeper Learning","maennlich",49,3.1,47,53,53
436,15,9,"Deeper Learning","maennlich",32,3.6,71,86,88
437,15,9,"Deeper Learning","maennlich",58,1.9,58,63,64
438,15,9,"Deeper Learning","weiblich",50,2.3,47,60,57
439,15,9,"Deeper Learning","weiblich",55,3.1,71,83,81
440,15,9,"Deeper Learning","maennlich",21,2.9,73,78,82
441,15,9,"Deeper Learning","maennlich",41,1.8,54,56,59
442,15,9,"Deeper Learning","weiblich",39,3.5,58,66,68
443,15,9,"Deeper Learning","weiblich",36,2.6,57,68,79
444,15,9,"Deeper Learning","weiblich",64,2.9,47,53,46
445,15,9,"Deeper Learning","maennlich",45,3.4,58,67,65
446,15,9,"Deeper Learning","weiblich",76,2.1,53,58,62
447,15,9,"Deeper Learning","maennlich",34,4.5,56,74,68
448,15,9,"Deeper Learning","maennlich",30,2.9,48,64,62
449,15,9,"Deeper Learning","weiblich",56,3.8,40,44,41
450,15,9,"Deeper Learning","maennlich",36,2.6,58,65,67
451,16,10,"Deeper Learning","weiblich",25,2.4,49,58,55
452,16,10,"Deeper Learning","maennlich",63,3.1,61,66,63
453,16,10,"Deeper Learning","weiblich",39,4.2,79,92,91
454,16,10,"Deeper Learning","weiblich",50,1.9,23,31,27
455,16,10,"Deeper Learning","weiblich",34,4.7,41,51,55
456,16,10,"Deeper Learning","maennlich",48,2,58,61,56
457,16,10,"Deeper Learning","weiblich",47,2.6,70,81,83
458,16,10,"Deeper Learning","maennlich",44,2.7,51,68,68
459,16,10,"Deeper Learning","weiblich",41,3.7,56,67,69
460,16,10,"Deeper Learning","maennlich",11,2.4,47,62,64
461,16,10,"Deeper Learning","maennlich",67,2.9,60,74,79
462,16,10,"Deeper Learning","maennlich",60,1.8,29,37,42
463,16,10,"Deeper Learning","maennlich",34,2.4,56,62,59
464,16,10,"Deeper Learning","maennlich",71,1.8,50,64,66
465,16,10,"Deeper Learning","weiblich",61,3.1,60,69,64
466,16,10,"Deeper Learning","maennlich",47,3.7,49,57,54
467,16,10,"Deeper Learning","maennlich",52,2.3,49,49,50
468,16,10,"Deeper Learning","weiblich",48,3.3,66,75,72
469,16,10,"Deeper Learning","weiblich",39,2,32,49,43
470,16,10,"Deeper Learning","weiblich",44,3.2,54,62,60
471,16,10,"Deeper Learning","maennlich",73,2.6,42,44,47
472,16,10,"Deeper Learning","maennlich",63,3.1,59,68,61
473,16,10,"Deeper Learning","weiblich",41,3.1,57,59,60
474,16,10,"Deeper Learning","maennlich",50,1.9,41,48,45
475,16,10,"Deeper Learning","maennlich",25,2.1,58,71,70
476,16,10,"Deeper Learning","weiblich",56,3.7,54,64,62
477,16,10,"Deeper Learning","weiblich",54,2.1,51,55,49
478,16,10,"Deeper Learning","maennlich",55,2.2,46,60,61
479,16,10,"Deeper Learning","maennlich",18,1.9,52,63,56
480,16,10,"Deeper Learning","maennlich",62,3.6,69,80,74
481,17,9,"Deeper Learning","maennlich",85,3.4,54,68,73
482,17,9,"Deeper Learning","maennlich",54,3.3,59,65,63
483,17,9,"Deeper Learning","weiblich",31,2.1,59,63,51
484,17,9,"Deeper Learning","maennlich",24,2.7,55,64,66
485,17,9,"Deeper Learning","weiblich",67,3,70,69,65
486,17,9,"Deeper Learning","maennlich",46,2.8,53,61,55
487,17,9,"Deeper Learning","weiblich",50,2,44,58,57
488,17,9,"Deeper Learning","weiblich",65,2.6,54,65,61
489,17,9,"Deeper Learning","weiblich",43,4.5,64,84,89
490,17,9,"Deeper Learning","maennlich",90,2.2,59,67,66
491,17,9,"Deeper Learning","maennlich",36,3,55,63,65
492,17,9,"Deeper Learning","weiblich",37,2.6,46,56,50
493,17,9,"Deeper Learning","maennlich",40,2.6,65,69,69
494,17,9,"Deeper Learning","maennlich",63,3.4,46,62,54
495,17,9,"Deeper Learning","weiblich",80,3.3,65,78,80
496,17,9,"Deeper Learning","weiblich",51,2.8,62,73,69
497,17,9,"Deeper Learning","divers",29,2.7,60,69,66
498,17,9,"Deeper Learning","weiblich",70,3.1,62,81,82
499,17,9,"Deeper Learning","weiblich",47,4.6,72,78,72
500,17,9,"Deeper Learning","maennlich",36,3,41,49,56
501,17,9,"Deeper Learning","maennlich",43,4.7,75,87,73
502,17,9,"Deeper Learning","weiblich",69,3.2,45,55,54
503,17,9,"Deeper Learning","maennlich",75,3.9,68,77,73
504,17,9,"Deeper Learning","maennlich",56,2.6,64,75,79
505,17,9,"Deeper Learning","weiblich",54,3.9,82,91,87
506,17,9,"Deeper Learning","weiblich",34,2.5,45,54,53
507,17,9,"Deeper Learning","weiblich",65,2.9,71,84,84
508,17,9,"Deeper Learning","weiblich",28,2.5,43,55,56
509,17,9,"Deeper Learning","weiblich",51,3.6,52,67,70
510,17,9,"Deeper Learning","maennlich",58,3.1,50,45,46
511,18,10,"Deeper Learning","weiblich",71,4.4,64,73,78
512,18,10,"Deeper Learning","weiblich",39,3,42,50,50
513,18,10,"Deeper Learning","weiblich",73,2.7,57,75,70
514,18,10,"Deeper Learning","maennlich",66,2.9,56,69,61
515,18,10,"Deeper Learning","maennlich",49,3.2,42,51,51
516,18,10,"Deeper Learning","maennlich",52,2.8,72,86,86
517,18,10,"Deeper Learning","maennlich",32,3.5,65,77,76
518,18,10,"Deeper Learning","maennlich",63,4.4,72,79,76
519,18,10,"Deeper Learning","maennlich",54,2.8,50,65,60
520,18,10,"Deeper Learning","maennlich",53,1.4,49,59,57
521,18,10,"Deeper Learning","maennlich",62,3.4,68,88,76
522,18,10,"Deeper Learning","weiblich",43,1.8,50,53,51
523,18,10,"Deeper Learning","weiblich",57,2.9,65,78,69
524,18,10,"Deeper Learning","weiblich",36,4.6,64,80,79
525,18,10,"Deeper Learning","maennlich",51,3,54,65,63
526,18,10,"Deeper Learning","maennlich",21,3.8,57,70,63
527,18,10,"Deeper Learning","maennlich",32,2.7,55,66,66
528,18,10,"Deeper Learning","maennlich",57,2.7,68,76,73
529,18,10,"Deeper Learning","maennlich",69,2.8,57,59,56
530,18,10,"Deeper Learning","weiblich",50,3.6,48,60,60
531,18,10,"Deeper Learning","weiblich",60,2.8,30,44,42
532,18,10,"Deeper Learning","maennlich",40,3.8,57,58,52
533,18,10,"Deeper Learning","maennlich",44,1.5,47,50,47
534,18,10,"Deeper Learning","maennlich",65,2.5,58,68,75
535,18,10,"Deeper Learning","maennlich",40,2.1,50,65,54
536,18,10,"Deeper Learning","maennlich",48,2.6,67,71,67
537,18,10,"Deeper Learning","weiblich",49,3.8,59,68,62
538,18,10,"Deeper Learning","maennlich",64,4,61,69,66
539,18,10,"Deeper Learning","maennlich",61,4.6,72,86,86
540,18,10,"Deeper Learning","maennlich",47,2.5,47,48,47
541,19,9,"Deeper Learning","weiblich",55,1.8,29,43,42
542,19,9,"Deeper Learning","maennlich",45,2.7,44,52,50
543,19,9,"Deeper Learning","weiblich",51,2.9,63,76,66
544,19,9,"Deeper Learning","weiblich",62,3.3,57,64,59
545,19,9,"Deeper Learning","weiblich",51,3.6,63,67,68
546,19,9,"Deeper Learning","weiblich",64,3,55,63,61
547,19,9,"Deeper Learning","weiblich",63,3.9,48,61,57
548,19,9,"Deeper Learning","weiblich",30,2.8,47,60,51
549,19,9,"Deeper Learning","maennlich",55,2.3,63,64,58
550,19,9,"Deeper Learning","weiblich",56,2.9,56,67,65
551,19,9,"Deeper Learning","maennlich",68,4.1,44,53,42
552,19,9,"Deeper Learning","weiblich",62,2.6,60,68,60
553,19,9,"Deeper Learning","maennlich",46,2.6,59,66,61
554,19,9,"Deeper Learning","weiblich",88,2.4,46,56,48
555,19,9,"Deeper Learning","maennlich",70,1.3,48,48,41
556,19,9,"Deeper Learning","maennlich",65,3.6,62,72,70
557,19,9,"Deeper Learning","maennlich",55,4.2,73,80,85
558,19,9,"Deeper Learning","weiblich",50,3.2,59,63,59
559,19,9,"Deeper Learning","weiblich",79,3.4,72,95,97
560,19,9,"Deeper Learning","maennlich",49,3.9,68,88,91
561,19,9,"Deeper Learning","maennlich",46,3.4,54,72,69
562,19,9,"Deeper Learning","maennlich",70,2.7,67,74,61
563,19,9,"Deeper Learning","maennlich",38,3.3,68,75,68
564,19,9,"Deeper Learning","maennlich",37,2.1,55,77,77
565,19,9,"Deeper Learning","maennlich",63,2.4,43,52,57
566,19,9,"Deeper Learning","maennlich",50,2.6,67,72,70
567,19,9,"Deeper Learning","weiblich",28,1.2,40,50,39
568,19,9,"Deeper Learning","weiblich",47,2.7,50,55,49
569,19,9,"Deeper Learning","weiblich",89,5,78,85,78
570,19,9,"Deeper Learning","maennlich",39,4.6,82,86,81
571,20,10,"traditionell","maennlich",35,1.8,51,47,46
572,20,10,"traditionell","maennlich",36,1.6,60,64,62
573,20,10,"traditionell","maennlich",35,2.7,49,52,49
574,20,10,"traditionell","weiblich",52,2.7,52,56,54
575,20,10,"traditionell","weiblich",90,4.4,75,80,77
576,20,10,"traditionell","maennlich",39,2.9,60,64,57
577,20,10,"traditionell","maennlich",37,2.7,57,69,75
578,20,10,"traditionell","maennlich",57,3.3,67,75,66
579,20,10,"traditionell","maennlich",55,4,60,66,61
580,20,10,"traditionell","weiblich",32,2.4,55,65,63
581,20,10,"traditionell","weiblich",59,3.5,70,81,81
582,20,10,"traditionell","maennlich",43,3.2,79,91,85
583,20,10,"traditionell","maennlich",44,2.6,59,65,54
584,20,10,"traditionell","maennlich",45,4,79,91,83
585,20,10,"traditionell","weiblich",57,3.5,76,79,81
586,20,10,"traditionell","weiblich",39,1.9,46,48,52
587,20,10,"traditionell","weiblich",21,3.9,67,78,80
588,20,10,"traditionell","maennlich",36,4.6,60,67,61
589,20,10,"traditionell","weiblich",58,3.9,62,61,53
590,20,10,"traditionell","weiblich",52,2.6,53,54,53
591,20,10,"traditionell","weiblich",50,4.4,62,72,71
592,20,10,"traditionell","maennlich",30,3.3,63,70,65
593,20,10,"traditionell","weiblich",41,2.4,59,70,65
594,20,10,"traditionell","maennlich",63,2.6,68,66,69
595,20,10,"traditionell","maennlich",32,2.9,47,57,60
596,20,10,"traditionell","maennlich",23,2.4,55,70,66
597,20,10,"traditionell","weiblich",34,3.3,57,68,70
598,20,10,"traditionell","weiblich",60,3.7,63,65,57
599,20,10,"traditionell","maennlich",69,3.2,44,50,44
600,20,10,"traditionell","maennlich",55,3.1,78,97,89
601,21,9,"traditionell","weiblich",23,3.8,55,59,58
602,21,9,"traditionell","maennlich",40,3.7,51,61,65
603,21,9,"traditionell","weiblich",39,4,78,85,87
604,21,9,"traditionell","maennlich",64,1.4,50,54,46
605,21,9,"traditionell","maennlich",48,3,72,86,79
606,21,9,"traditionell","weiblich",71,4.7,78,81,85
607,21,9,"traditionell","maennlich",33,3.1,51,58,53
608,21,9,"traditionell","maennlich",21,1.6,52,59,50
609,21,9,"traditionell","weiblich",28,4.4,54,67,63
610,21,9,"traditionell","weiblich",40,1.8,39,38,27
611,21,9,"traditionell","maennlich",42,3.2,58,55,52
612,21,9,"traditionell","maennlich",66,4.3,80,91,84
613,21,9,"traditionell","weiblich",59,3.7,59,70,65
614,21,9,"traditionell","maennlich",58,3.3,74,78,76
615,21,9,"traditionell","maennlich",58,3.1,69,71,74
616,21,9,"traditionell","maennlich",78,2.3,55,49,40
617,21,9,"traditionell","weiblich",51,2,43,42,40
618,21,9,"traditionell","maennlich",60,2.7,59,60,55
619,21,9,"traditionell","weiblich",47,3.8,68,66,71
620,21,9,"traditionell","weiblich",86,2.8,61,70,76
621,21,9,"traditionell","weiblich",73,3.3,71,72,68
622,21,9,"traditionell","maennlich",62,3.1,62,58,52
623,21,9,"traditionell","weiblich",49,1.9,57,62,56
624,21,9,"traditionell","maennlich",50,3.8,60,66,64
625,21,9,"traditionell","maennlich",60,2.4,52,57,49
626,21,9,"traditionell","divers",44,2.9,63,69,71
627,21,9,"traditionell","weiblich",70,3.8,58,60,54
628,21,9,"traditionell","weiblich",65,3.3,47,53,50
629,21,9,"traditionell","maennlich",52,2.9,56,60,67
630,21,9,"traditionell","weiblich",58,3.6,69,75,69
631,22,10,"traditionell","weiblich",51,3.3,55,65,60
632,22,10,"traditionell","maennlich",55,2.4,48,50,47
633,22,10,"traditionell","weiblich",71,2.7,74,76,76
634,22,10,"traditionell","weiblich",49,2.4,57,60,57
635,22,10,"traditionell","weiblich",53,4,64,66,65
636,22,10,"traditionell","maennlich",68,2.8,56,65,62
637,22,10,"traditionell","weiblich",64,2.5,54,63,64
638,22,10,"traditionell","maennlich",45,2.1,38,34,40
639,22,10,"traditionell","weiblich",62,2.8,60,67,68
640,22,10,"traditionell","weiblich",49,3,51,53,46
641,22,10,"traditionell","weiblich",40,3.2,57,57,65
642,22,10,"traditionell","maennlich",33,2.1,55,56,57
643,22,10,"traditionell","maennlich",45,3.2,65,73,76
644,22,10,"traditionell","weiblich",43,2.8,40,52,55
645,22,10,"traditionell","weiblich",52,3,58,66,65
646,22,10,"traditionell","weiblich",42,2.3,44,54,48
647,22,10,"traditionell","weiblich",90,3.1,71,75,76
648,22,10,"traditionell","weiblich",53,3.4,77,87,82
649,22,10,"traditionell","weiblich",57,2.7,58,69,66
650,22,10,"traditionell","weiblich",57,3.4,60,66,61
651,22,10,"traditionell","weiblich",51,2.6,63,62,55
652,22,10,"traditionell","maennlich",58,2.8,43,46,47
653,22,10,"traditionell","weiblich",42,2.8,58,58,52
654,22,10,"traditionell","weiblich",58,2.3,49,61,52
655,22,10,"traditionell","weiblich",57,2.3,63,65,60
656,22,10,"traditionell","weiblich",74,3.5,52,48,47
657,22,10,"traditionell","weiblich",13,3.7,57,61,52
658,22,10,"traditionell","maennlich",66,4.5,82,81,74
659,22,10,"traditionell","weiblich",59,5,66,69,67
660,22,10,"traditionell","weiblich",79,2.9,54,51,47
661,23,9,"traditionell","maennlich",23,3.2,46,43,40
662,23,9,"traditionell","weiblich",35,2.9,68,77,67
663,23,9,"traditionell","weiblich",30,1.8,47,48,47
664,23,9,"traditionell","maennlich",30,2.9,52,49,53
665,23,9,"traditionell","weiblich",62,2.8,66,75,74
666,23,9,"traditionell","maennlich",59,4.2,50,59,54
667,23,9,"traditionell","maennlich",45,2.2,29,44,42
668,23,9,"traditionell","weiblich",40,2.3,62,65,65
669,23,9,"traditionell","weiblich",45,3.4,50,51,50
670,23,9,"traditionell","maennlich",40,3.2,63,64,59
671,23,9,"traditionell","divers",53,2.6,59,59,53
672,23,9,"traditionell","weiblich",57,4.1,68,73,75
673,23,9,"traditionell","weiblich",55,2.5,58,58,56
674,23,9,"traditionell","weiblich",54,3.8,50,55,53
675,23,9,"traditionell","weiblich",60,3.5,56,63,56
676,23,9,"traditionell","weiblich",72,3,44,42,38
677,23,9,"traditionell","maennlich",34,3.3,47,54,53
678,23,9,"traditionell","maennlich",21,2.1,40,48,39
679,23,9,"traditionell","maennlich",65,1.6,49,56,56
680,23,9,"traditionell","divers",54,2.2,29,28,20
681,23,9,"traditionell","weiblich",41,2,50,50,51
682,23,9,"traditionell","weiblich",62,2.9,49,59,54
683,23,9,"traditionell","weiblich",60,3.8,66,75,70
684,23,9,"traditionell","weiblich",57,3.8,69,72,75
685,23,9,"traditionell","weiblich",54,2.3,68,68,67
686,23,9,"traditionell","weiblich",39,3.7,65,77,85
687,23,9,"traditionell","weiblich",52,2.6,49,55,46
688,23,9,"traditionell","weiblich",47,2.9,60,63,67
689,23,9,"traditionell","maennlich",44,3.8,59,68,68
690,23,9,"traditionell","weiblich",62,2.9,60,68,65
691,24,10,"traditionell","maennlich",38,3.4,66,72,72
692,24,10,"traditionell","maennlich",63,2.4,59,64,55
693,24,10,"traditionell","maennlich",49,3.2,62,61,57
694,24,10,"traditionell","maennlich",43,2.9,37,47,47
695,24,10,"traditionell","weiblich",16,4,55,56,52
696,24,10,"traditionell","maennlich",50,2.9,74,83,81
697,24,10,"traditionell","weiblich",51,2.9,59,57,61
698,24,10,"traditionell","weiblich",31,3.2,65,70,60
699,24,10,"traditionell","maennlich",58,4.3,61,71,64
700,24,10,"traditionell","maennlich",42,2.5,56,59,61
701,24,10,"traditionell","weiblich",31,4,57,51,50
702,24,10,"traditionell","maennlich",52,2.5,50,56,61
703,24,10,"traditionell","weiblich",61,3.5,61,59,50
704,24,10,"traditionell","maennlich",45,1.6,44,46,43
705,24,10,"traditionell","maennlich",42,2.2,55,61,57
706,24,10,"traditionell","weiblich",50,4.4,55,62,62
707,24,10,"traditionell","weiblich",56,2.5,59,60,53
708,24,10,"traditionell","maennlich",55,2.5,48,53,50
709,24,10,"traditionell","maennlich",63,3.5,83,80,77
710,24,10,"traditionell","maennlich",29,3.5,59,65,62
711,24,10,"traditionell","maennlich",26,2.8,53,55,53
712,24,10,"traditionell","maennlich",34,1.2,42,40,28
713,24,10,"traditionell","maennlich",58,2.5,53,50,48
714,24,10,"traditionell","maennlich",68,3.5,61,73,67
715,24,10,"traditionell","weiblich",50,3.6,55,59,52
716,24,10,"traditionell","weiblich",55,2.4,72,83,76
717,24,10,"traditionell","weiblich",43,1.7,51,56,52
718,24,10,"traditionell","weiblich",33,2,44,60,57
719,24,10,"traditionell","maennlich",48,2.6,32,34,24
720,24,10,"traditionell","maennlich",36,2.1,48,51,50
721,25,9,"Deeper Learning","weiblich",57,2.8,65,69,77
722,25,9,"Deeper Learning","weiblich",55,2.8,49,57,61
723,25,9,"Deeper Learning","weiblich",41,1.9,31,38,39
724,25,9,"Deeper Learning","maennlich",40,3.4,49,48,48
725,25,9,"Deeper Learning","weiblich",69,3.3,65,83,79
726,25,9,"Deeper Learning","maennlich",28,3.1,50,65,62
727,25,9,"Deeper Learning","maennlich",72,2.9,48,59,60
728,25,9,"Deeper Learning","weiblich",39,2.6,58,68,71
729,25,9,"Deeper Learning","maennlich",57,2.3,37,53,48
730,25,9,"Deeper Learning","weiblich",48,3.8,72,89,91
731,25,9,"Deeper Learning","maennlich",64,3.1,68,72,76
732,25,9,"Deeper Learning","maennlich",52,2.9,70,81,76
733,25,9,"Deeper Learning","maennlich",54,2.8,64,73,63
734,25,9,"Deeper Learning","maennlich",42,3.9,56,70,66
735,25,9,"Deeper Learning","maennlich",73,2.1,48,66,64
736,25,9,"Deeper Learning","maennlich",74,3.5,59,66,69
737,25,9,"Deeper Learning","weiblich",63,2.5,62,61,66
738,25,9,"Deeper Learning","weiblich",64,2.3,50,59,57
739,25,9,"Deeper Learning","weiblich",45,3.6,57,60,58
740,25,9,"Deeper Learning","weiblich",46,2.6,53,67,58
741,25,9,"Deeper Learning","maennlich",44,2.8,50,59,60
742,25,9,"Deeper Learning","weiblich",55,3.1,57,74,68
743,25,9,"Deeper Learning","weiblich",21,1.9,44,54,49
744,25,9,"Deeper Learning","weiblich",40,2.8,48,62,54
745,25,9,"Deeper Learning","weiblich",44,3.9,53,56,58
746,25,9,"Deeper Learning","weiblich",57,3.1,62,61,60
747,25,9,"Deeper Learning","maennlich",31,1.9,25,24,17
748,25,9,"Deeper Learning","maennlich",22,1,48,61,63
749,25,9,"Deeper Learning","maennlich",50,1.9,37,49,50
750,25,9,"Deeper Learning","maennlich",62,3.1,69,89,83
751,26,10,"Deeper Learning","weiblich",74,2.3,51,58,62
752,26,10,"Deeper Learning","maennlich",63,3,54,67,61
753,26,10,"Deeper Learning","maennlich",46,1.2,48,51,50
754,26,10,"Deeper Learning","weiblich",41,2.7,59,74,78
755,26,10,"Deeper Learning","maennlich",61,1.6,39,52,45
756,26,10,"Deeper Learning","maennlich",42,3.8,49,53,56
757,26,10,"Deeper Learning","maennlich",74,1.6,50,62,59
758,26,10,"Deeper Learning","maennlich",41,3.2,42,49,51
759,26,10,"Deeper Learning","weiblich",60,3.1,57,60,54
760,26,10,"Deeper Learning","weiblich",61,3,48,56,55
761,26,10,"Deeper Learning","weiblich",37,1.9,29,37,38
762,26,10,"Deeper Learning","weiblich",61,2.1,41,45,41
763,26,10,"Deeper Learning","weiblich",11,3.2,47,54,52
764,26,10,"Deeper Learning","weiblich",43,3.3,52,61,64
765,26,10,"Deeper Learning","maennlich",63,1.6,61,73,74
766,26,10,"Deeper Learning","maennlich",62,2.7,44,44,37
767,26,10,"Deeper Learning","maennlich",37,1.6,49,62,54
768,26,10,"Deeper Learning","weiblich",42,2.5,48,57,57
769,26,10,"Deeper Learning","weiblich",19,2.8,45,53,45
770,26,10,"Deeper Learning","maennlich",56,2.5,62,68,73
771,26,10,"Deeper Learning","maennlich",48,3.4,52,66,54
772,26,10,"Deeper Learning","maennlich",45,3,60,71,67
773,26,10,"Deeper Learning","weiblich",51,1.6,50,62,50
774,26,10,"Deeper Learning","maennlich",40,2.5,45,52,47
775,26,10,"Deeper Learning","maennlich",58,1.9,38,49,47
776,26,10,"Deeper Learning","maennlich",46,1.5,56,62,62
777,26,10,"Deeper Learning","maennlich",53,3.7,53,64,66
778,26,10,"Deeper Learning","maennlich",65,3.2,60,77,68
779,26,10,"Deeper Learning","weiblich",76,3.1,64,81,83
780,26,10,"Deeper Learning","maennlich",36,2.2,40,52,50
781,27,9,"traditionell","maennlich",70,2.5,55,64,61
782,27,9,"traditionell","weiblich",46,5,61,73,78
783,27,9,"traditionell","maennlich",60,2.7,57,60,67
784,27,9,"traditionell","maennlich",39,2,60,58,54
785,27,9,"traditionell","maennlich",66,4,68,75,70
786,27,9,"traditionell","weiblich",53,2.2,49,59,57
787,27,9,"traditionell","weiblich",60,2.7,42,48,47
788,27,9,"traditionell","maennlich",39,2.3,51,58,54
789,27,9,"traditionell","maennlich",31,3.6,49,56,49
790,27,9,"traditionell","weiblich",25,1.5,47,39,38
791,27,9,"traditionell","maennlich",69,3.1,62,71,69
792,27,9,"traditionell","weiblich",37,2.9,61,68,68
793,27,9,"traditionell","maennlich",42,2.7,37,33,26
794,27,9,"traditionell","maennlich",57,2.8,54,66,72
795,27,9,"traditionell","weiblich",27,3.7,52,58,53
796,27,9,"traditionell","maennlich",66,3.8,55,63,60
797,27,9,"traditionell","maennlich",29,2.4,56,62,58
798,27,9,"traditionell","maennlich",36,3.3,46,48,50
799,27,9,"traditionell","maennlich",58,2.9,58,60,57
800,27,9,"traditionell","maennlich",45,1.8,47,47,45
801,27,9,"traditionell","maennlich",26,2.4,35,37,37
802,27,9,"traditionell","maennlich",38,3.3,54,59,56
803,27,9,"traditionell","weiblich",43,2.7,65,76,73
804,27,9,"traditionell","weiblich",45,1.9,39,44,36
805,27,9,"traditionell","weiblich",28,3.3,64,70,70
806,27,9,"traditionell","maennlich",47,2.7,48,56,52
807,27,9,"traditionell","maennlich",55,4.1,74,79,73
808,27,9,"traditionell","maennlich",55,3.5,52,58,59
809,27,9,"traditionell","weiblich",60,2.7,53,66,66
810,27,9,"traditionell","weiblich",32,2.2,35,39,33
811,28,10,"Deeper Learning","weiblich",43,4.2,54,67,71
812,28,10,"Deeper Learning","maennlich",12,2.4,45,41,39
813,28,10,"Deeper Learning","weiblich",34,1.5,35,37,33
814,28,10,"Deeper Learning","maennlich",59,2,34,36,29
815,28,10,"Deeper Learning","weiblich",34,3.7,61,70,62
816,28,10,"Deeper Learning","weiblich",50,2.8,72,86,83
817,28,10,"Deeper Learning","maennlich",23,3,41,48,44
818,28,10,"Deeper Learning","weiblich",64,3.7,74,86,85
819,28,10,"Deeper Learning","maennlich",17,1.9,39,46,41
820,28,10,"Deeper Learning","weiblich",58,3.9,59,68,54
821,28,10,"Deeper Learning","weiblich",66,2.3,56,65,61
822,28,10,"Deeper Learning","weiblich",59,2.3,40,42,38
823,28,10,"Deeper Learning","maennlich",45,2,44,50,50
824,28,10,"Deeper Learning","weiblich",41,3.8,67,69,71
825,28,10,"Deeper Learning","maennlich",51,3.2,67,79,73
826,28,10,"Deeper Learning","maennlich",30,1.6,48,49,42
827,28,10,"Deeper Learning","maennlich",48,5,71,80,90
828,28,10,"Deeper Learning","weiblich",60,2.5,64,76,70
829,28,10,"Deeper Learning","maennlich",58,2.8,61,65,63
830,28,10,"Deeper Learning","divers",37,3.9,77,87,89
831,28,10,"Deeper Learning","maennlich",49,2.8,62,71,65
832,28,10,"Deeper Learning","weiblich",71,2.5,54,61,57
833,28,10,"Deeper Learning","maennlich",47,2.4,54,64,64
834,28,10,"Deeper Learning","maennlich",29,2.7,35,39,38
835,28,10,"Deeper Learning","maennlich",31,1.9,44,49,44
836,28,10,"Deeper Learning","weiblich",62,2.6,63,62,62
837,28,10,"Deeper Learning","maennlich",72,4,55,63,61
838,28,10,"Deeper Learning","weiblich",22,4.1,49,63,65
839,28,10,"Deeper Learning","maennlich",21,3,54,61,63
840,28,10,"Deeper Learning","maennlich",47,3.4,66,82,80
841,29,9,"Deeper Learning","weiblich",34,1.8,44,44,38
842,29,9,"Deeper Learning","maennlich",53,3.6,68,80,76
843,29,9,"Deeper Learning","maennlich",58,5,80,89,81
844,29,9,"Deeper Learning","weiblich",67,3.6,50,65,59
845,29,9,"Deeper Learning","weiblich",48,3.9,43,59,58
846,29,9,"Deeper Learning","weiblich",73,3.5,60,73,79
847,29,9,"Deeper Learning","maennlich",61,3.1,53,61,62
848,29,9,"Deeper Learning","weiblich",53,3.6,61,69,78
849,29,9,"Deeper Learning","weiblich",29,3.1,59,69,66
850,29,9,"Deeper Learning","maennlich",82,2.6,50,53,49
851,29,9,"Deeper Learning","maennlich",77,3.5,68,77,80
852,29,9,"Deeper Learning","weiblich",58,2.8,46,55,54
853,29,9,"Deeper Learning","weiblich",40,4.3,67,81,79
854,29,9,"Deeper Learning","maennlich",66,3.5,58,65,57
855,29,9,"Deeper Learning","maennlich",31,4.3,64,70,65
856,29,9,"Deeper Learning","maennlich",42,4.1,55,68,67
857,29,9,"Deeper Learning","weiblich",41,3.9,50,57,53
858,29,9,"Deeper Learning","maennlich",53,2.3,66,67,63
859,29,9,"Deeper Learning","weiblich",54,4.7,64,74,65
860,29,9,"Deeper Learning","weiblich",45,3.9,47,47,50
861,29,9,"Deeper Learning","divers",68,3,51,62,64
862,29,9,"Deeper Learning","maennlich",70,3.4,65,75,79
863,29,9,"Deeper Learning","weiblich",52,2.2,44,52,54
864,29,9,"Deeper Learning","maennlich",41,3.3,40,47,43
865,29,9,"Deeper Learning","maennlich",39,3.3,51,60,62
866,29,9,"Deeper Learning","weiblich",87,2.9,73,86,88
867,29,9,"Deeper Learning","weiblich",51,3.1,48,57,50
868,29,9,"Deeper Learning","maennlich",62,3.6,59,66,57
869,29,9,"Deeper Learning","weiblich",43,1.6,45,54,52
870,29,9,"Deeper Learning","weiblich",44,1,39,49,52
871,30,10,"Deeper Learning","maennlich",40,2.4,36,37,27
872,30,10,"Deeper Learning","weiblich",27,2.2,41,49,50
873,30,10,"Deeper Learning","weiblich",64,2.4,58,65,60
874,30,10,"Deeper Learning","weiblich",56,2.6,42,58,55
875,30,10,"Deeper Learning","weiblich",54,1.8,45,49,41
876,30,10,"Deeper Learning","weiblich",19,3.4,48,64,70
877,30,10,"Deeper Learning","maennlich",77,4.2,90,100,100
878,30,10,"Deeper Learning","weiblich",61,2.6,57,66,65
879,30,10,"Deeper Learning","weiblich",50,3.1,47,54,50
880,30,10,"Deeper Learning","weiblich",63,2.6,50,60,64
881,30,10,"Deeper Learning","weiblich",54,3.3,60,72,68
882,30,10,"Deeper Learning","maennlich",51,2.9,49,62,63
883,30,10,"Deeper Learning","weiblich",53,3.9,34,42,45
884,30,10,"Deeper Learning","maennlich",51,3.6,53,69,64
885,30,10,"Deeper Learning","maennlich",63,3.5,75,90,79
886,30,10,"Deeper Learning","weiblich",37,2.2,61,71,71
887,30,10,"Deeper Learning","maennlich",30,4,86,94,96
888,30,10,"Deeper Learning","weiblich",36,1.8,56,70,68
889,30,10,"Deeper Learning","weiblich",66,3.1,63,76,72
890,30,10,"Deeper Learning","weiblich",78,2.8,66,78,73
891,30,10,"Deeper Learning","maennlich",54,3.9,59,65,62
892,30,10,"Deeper Learning","maennlich",33,3.1,52,61,59
893,30,10,"Deeper Learning","maennlich",49,1.7,53,58,58
894,30,10,"Deeper Learning","maennlich",46,3.6,65,80,85
895,30,10,"Deeper Learning","weiblich",42,1.7,44,49,44
896,30,10,"Deeper Learning","weiblich",55,2.2,46,45,37
897,30,10,"Deeper Learning","divers",45,2.2,55,61,65
898,30,10,"Deeper Learning","maennlich",49,3.2,44,47,41
899,30,10,"Deeper Learning","weiblich",56,3.4,69,87,82
900,30,10,"Deeper Learning","weiblich",59,3,73,90,90
901,31,9,"traditionell","maennlich",57,2.4,53,60,57
902,31,9,"traditionell","maennlich",45,4.3,54,65,65
903,31,9,"traditionell","weiblich",53,3.1,53,62,64
904,31,9,"traditionell","divers",81,3.2,62,71,71
905,31,9,"traditionell","weiblich",36,3.1,67,68,67
906,31,9,"traditionell","weiblich",64,2.8,78,87,80
907,31,9,"traditionell","weiblich",35,4.2,58,65,64
908,31,9,"traditionell","maennlich",45,3.5,44,53,55
909,31,9,"traditionell","maennlich",74,3.5,59,68,66
910,31,9,"traditionell","maennlich",57,3.4,69,69,60
911,31,9,"traditionell","maennlich",24,2.3,69,76,67
912,31,9,"traditionell","weiblich",67,3.4,65,62,55
913,31,9,"traditionell","weiblich",46,2.4,37,35,31
914,31,9,"traditionell","maennlich",42,3,76,75,69
915,31,9,"traditionell","maennlich",71,5,68,74,77
916,31,9,"traditionell","weiblich",37,3.6,59,67,63
917,31,9,"traditionell","maennlich",35,3.2,61,68,60
918,31,9,"traditionell","maennlich",51,3.8,66,78,70
919,31,9,"traditionell","maennlich",25,2.8,39,45,37
920,31,9,"traditionell","maennlich",35,3.4,35,30,26
921,31,9,"traditionell","maennlich",65,3.7,57,65,66
922,31,9,"traditionell","weiblich",36,2.8,60,59,58
923,31,9,"traditionell","weiblich",37,5,58,73,72
924,31,9,"traditionell","weiblich",53,2.4,48,59,53
925,31,9,"traditionell","weiblich",58,2.8,47,42,43
926,31,9,"traditionell","maennlich",76,3.6,68,73,72
927,31,9,"traditionell","weiblich",43,3.5,30,36,37
928,31,9,"traditionell","weiblich",60,2,65,73,64
929,31,9,"traditionell","maennlich",48,2.2,32,28,19
930,31,9,"traditionell","weiblich",79,2.6,80,83,80
931,32,10,"traditionell","weiblich",48,2.4,51,53,51
932,32,10,"traditionell","weiblich",75,2.2,41,39,32
933,32,10,"traditionell","maennlich",62,3.5,51,49,47
934,32,10,"traditionell","weiblich",21,3.5,66,78,72
935,32,10,"traditionell","maennlich",29,2.3,54,52,48
936,32,10,"traditionell","weiblich",57,2.8,59,59,55
937,32,10,"traditionell","maennlich",67,2.6,59,61,58
938,32,10,"traditionell","maennlich",56,3.6,59,66,60
939,32,10,"traditionell","maennlich",38,2.4,50,51,43
940,32,10,"traditionell","maennlich",11,1.7,29,39,37
941,32,10,"traditionell","weiblich",29,2.8,38,49,46
942,32,10,"traditionell","weiblich",55,2.5,43,54,48
943,32,10,"traditionell","weiblich",48,3.2,67,78,71
944,32,10,"traditionell","weiblich",46,2.9,40,47,46
945,32,10,"traditionell","maennlich",28,2.4,41,45,42
946,32,10,"traditionell","weiblich",47,2.7,54,63,53
947,32,10,"traditionell","weiblich",83,2.5,44,42,44
948,32,10,"traditionell","weiblich",49,3.2,60,63,58
949,32,10,"traditionell","maennlich",41,2.7,53,51,45
950,32,10,"traditionell","maennlich",53,3.3,65,79,76
951,32,10,"traditionell","maennlich",61,3.6,52,60,59
952,32,10,"traditionell","weiblich",28,1.1,49,50,41
953,32,10,"traditionell","weiblich",61,4.4,54,53,50
954,32,10,"traditionell","weiblich",39,2.4,61,71,64
955,32,10,"traditionell","weiblich",56,2.7,46,40,30
956,32,10,"traditionell","weiblich",62,2.7,63,71,63
957,32,10,"traditionell","maennlich",52,1.6,41,50,41
958,32,10,"traditionell","maennlich",41,3.6,56,67,60
959,32,10,"traditionell","maennlich",58,2.9,46,64,67
960,32,10,"traditionell","maennlich",53,2,41,53,48
961,33,9,"traditionell","weiblich",38,2.4,53,67,67
962,33,9,"traditionell","maennlich",35,2.1,65,71,68
963,33,9,"traditionell","weiblich",50,1.4,37,28,29
964,33,9,"traditionell","weiblich",32,2.5,45,48,48
965,33,9,"traditionell","maennlich",46,1.3,36,26,24
966,33,9,"traditionell","weiblich",77,4.4,72,72,72
967,33,9,"traditionell","maennlich",53,3,63,75,77
968,33,9,"traditionell","maennlich",55,2.5,58,55,53
969,33,9,"traditionell","weiblich",41,2.3,45,47,41
970,33,9,"traditionell","weiblich",52,2.3,13,18,12
971,33,9,"traditionell","maennlich",39,2.8,42,47,41
972,33,9,"traditionell","weiblich",54,2.6,45,51,49
973,33,9,"traditionell","maennlich",49,3.3,57,65,69
974,33,9,"traditionell","weiblich",53,1.9,50,60,67
975,33,9,"traditionell","weiblich",27,1.8,41,35,29
976,33,9,"traditionell","weiblich",28,3,48,48,50
977,33,9,"traditionell","maennlich",38,3.2,63,75,72
978,33,9,"traditionell","weiblich",79,2.8,27,32,29
979,33,9,"traditionell","maennlich",59,2.8,34,27,19
980,33,9,"traditionell","weiblich",58,3,32,30,30
981,33,9,"traditionell","maennlich",46,3.1,45,47,46
982,33,9,"traditionell","maennlich",25,2.3,28,34,26
983,33,9,"traditionell","weiblich",72,3,33,36,30
984,33,9,"traditionell","weiblich",37,1,21,22,14
985,33,9,"traditionell","weiblich",45,2.2,69,67,67
986,33,9,"traditionell","weiblich",31,3.4,42,37,23
987,33,9,"traditionell","maennlich",63,2.4,42,40,29
988,33,9,"traditionell","maennlich",68,3.3,44,41,33
989,33,9,"traditionell","maennlich",30,3.2,51,58,49
990,33,9,"traditionell","maennlich",49,3.7,31,36,31
991,34,10,"traditionell","maennlich",60,2.9,44,52,48
992,34,10,"traditionell","maennlich",68,3.4,82,84,83
993,34,10,"traditionell","maennlich",60,3.1,57,67,67
994,34,10,"traditionell","weiblich",24,2.1,56,60,55
995,34,10,"traditionell","maennlich",60,3.4,57,55,59
996,34,10,"traditionell","weiblich",75,3.7,57,58,51
997,34,10,"traditionell","maennlich",74,3.3,45,54,59
998,34,10,"traditionell","weiblich",49,3.2,47,48,49
999,34,10,"traditionell","maennlich",81,4.6,79,84,76
1000,34,10,"traditionell","weiblich",48,2.3,44,44,37
1001,34,10,"traditionell","maennlich",55,3,55,57,61
1002,34,10,"traditionell","maennlich",48,3.6,60,78,84
1003,34,10,"traditionell","maennlich",59,2.9,66,77,76
1004,34,10,"traditionell","weiblich",52,3.6,82,88,96
1005,34,10,"traditionell","weiblich",72,3.2,60,62,61
1006,34,10,"traditionell","maennlich",60,2.5,51,56,43
1007,34,10,"traditionell","maennlich",55,2.4,64,62,66
1008,34,10,"traditionell","weiblich",55,4,71,79,74
1009,34,10,"traditionell","weiblich",28,2.3,51,56,51
1010,34,10,"traditionell","weiblich",27,2.6,44,48,42
1011,34,10,"traditionell","maennlich",45,3,61,69,65
1012,34,10,"traditionell","maennlich",40,3.5,47,55,46
1013,34,10,"traditionell","maennlich",58,3,46,46,44
1014,34,10,"traditionell","weiblich",57,4.5,76,84,81
1015,34,10,"traditionell","maennlich",33,1.9,58,67,72
1016,34,10,"traditionell","weiblich",80,3.8,65,67,56
1017,34,10,"traditionell","maennlich",58,2.7,60,62,60
1018,34,10,"traditionell","maennlich",44,1.5,57,54,54
1019,34,10,"traditionell","weiblich",64,4.2,65,70,68
1020,34,10,"traditionell","weiblich",61,4.2,65,73,72
1021,35,9,"traditionell","weiblich",64,3.2,60,62,61
1022,35,9,"traditionell","maennlich",72,3.1,58,70,59
1023,35,9,"traditionell","maennlich",72,2.4,69,61,61
1024,35,9,"traditionell","maennlich",40,3.2,54,66,66
1025,35,9,"traditionell","maennlich",38,2.8,63,77,67
1026,35,9,"traditionell","weiblich",54,3.6,75,72,64
1027,35,9,"traditionell","weiblich",56,3.6,43,49,51
1028,35,9,"traditionell","weiblich",42,1.9,54,56,52
1029,35,9,"traditionell","maennlich",31,1,48,46,38
1030,35,9,"traditionell","weiblich",40,4,58,57,56
1031,35,9,"traditionell","weiblich",59,2.7,71,67,63
1032,35,9,"traditionell","weiblich",37,1,48,53,44
1033,35,9,"traditionell","weiblich",55,2.7,58,60,56
1034,35,9,"traditionell","maennlich",61,2.3,71,85,83
1035,35,9,"traditionell","maennlich",57,1.3,27,28,25
1036,35,9,"traditionell","weiblich",39,2.2,48,47,38
1037,35,9,"traditionell","maennlich",47,1.8,60,61,66
1038,35,9,"traditionell","maennlich",65,4.1,60,59,57
1039,35,9,"traditionell","maennlich",54,2.3,64,72,69
1040,35,9,"traditionell","weiblich",64,3.9,77,83,81
1041,35,9,"traditionell","maennlich",40,2.6,42,48,46
1042,35,9,"traditionell","weiblich",46,3.4,71,70,69
1043,35,9,"traditionell","maennlich",50,2.5,51,56,51
1044,35,9,"traditionell","maennlich",47,3.2,56,56,53
1045,35,9,"traditionell","weiblich",71,3.8,56,51,45
1046,35,9,"traditionell","maennlich",57,2,49,45,42
1047,35,9,"traditionell","maennlich",45,2.8,54,58,52
1048,35,9,"traditionell","maennlich",51,3.9,58,60,60
1049,35,9,"traditionell","weiblich",41,3.7,54,58,68
1050,35,9,"traditionell","maennlich",31,2.1,55,51,40
1051,36,10,"traditionell","weiblich",51,3.4,58,65,57
1052,36,10,"traditionell","weiblich",74,3.4,70,72,67
1053,36,10,"traditionell","weiblich",54,2.9,70,74,68
1054,36,10,"traditionell","maennlich",81,3.5,58,68,61
1055,36,10,"traditionell","weiblich",90,3.5,79,82,82
1056,36,10,"traditionell","maennlich",41,4.1,85,88,87
1057,36,10,"traditionell","weiblich",64,3.8,73,82,82
1058,36,10,"traditionell","maennlich",37,5,45,58,55
1059,36,10,"traditionell","weiblich",45,2.3,46,40,35
1060,36,10,"traditionell","maennlich",56,2.5,83,84,77
1061,36,10,"traditionell","weiblich",42,2.5,59,54,49
1062,36,10,"traditionell","weiblich",47,2.4,67,66,60
1063,36,10,"traditionell","weiblich",27,1.3,52,57,56
1064,36,10,"traditionell","maennlich",33,1.7,48,49,41
1065,36,10,"traditionell","maennlich",54,3,63,64,56
1066,36,10,"traditionell","weiblich",50,3,47,54,51
1067,36,10,"traditionell","maennlich",41,2.2,53,65,61
1068,36,10,"traditionell","weiblich",44,2.7,56,60,55
1069,36,10,"traditionell","maennlich",65,4.5,69,77,71
1070,36,10,"traditionell","maennlich",55,3.3,66,72,71
1071,36,10,"traditionell","maennlich",65,3.9,66,79,77
1072,36,10,"traditionell","weiblich",47,3.9,65,80,76
1073,36,10,"traditionell","maennlich",68,2.9,62,60,53
1074,36,10,"traditionell","weiblich",40,4.9,70,81,77
1075,36,10,"traditionell","maennlich",84,2.9,42,42,38
1076,36,10,"traditionell","weiblich",44,4.2,64,77,74
1077,36,10,"traditionell","maennlich",49,3.6,76,80,76
1078,36,10,"traditionell","weiblich",50,4.2,67,85,81
1079,36,10,"traditionell","weiblich",46,2,45,49,45
1080,36,10,"traditionell","maennlich",70,1.7,50,49,50
1081,37,9,"Deeper Learning","maennlich",64,4.2,70,75,68
1082,37,9,"Deeper Learning","maennlich",14,4.3,55,65,57
1083,37,9,"Deeper Learning","weiblich",59,2.3,60,71,70
1084,37,9,"Deeper Learning","maennlich",28,3.2,64,77,73
1085,37,9,"Deeper Learning","weiblich",44,2.4,60,73,72
1086,37,9,"Deeper Learning","weiblich",90,3.5,81,98,100
1087,37,9,"Deeper Learning","maennlich",42,3.5,34,44,34
1088,37,9,"Deeper Learning","weiblich",61,4.2,73,89,81
1089,37,9,"Deeper Learning","maennlich",83,3.2,65,74,71
1090,37,9,"Deeper Learning","weiblich",34,3,61,67,62
1091,37,9,"Deeper Learning","maennlich",71,2.9,74,69,64
1092,37,9,"Deeper Learning","maennlich",59,2.9,57,72,71
1093,37,9,"Deeper Learning","maennlich",64,1.8,39,40,34
1094,37,9,"Deeper Learning","maennlich",50,4,73,79,69
1095,37,9,"Deeper Learning","maennlich",24,3.5,58,77,76
1096,37,9,"Deeper Learning","maennlich",36,2.6,45,53,50
1097,37,9,"Deeper Learning","weiblich",64,3.7,70,78,72
1098,37,9,"Deeper Learning","weiblich",33,3.3,49,56,49
1099,37,9,"Deeper Learning","weiblich",51,2.8,68,73,64
1100,37,9,"Deeper Learning","weiblich",57,2.8,55,59,56
1101,37,9,"Deeper Learning","maennlich",29,3.2,47,56,58
1102,37,9,"Deeper Learning","weiblich",31,3.7,50,62,72
1103,37,9,"Deeper Learning","weiblich",42,3.6,72,73,73
1104,37,9,"Deeper Learning","weiblich",53,4.2,71,83,78
1105,37,9,"Deeper Learning","weiblich",59,3.8,83,97,94
1106,37,9,"Deeper Learning","maennlich",38,4.1,74,80,73
1107,37,9,"Deeper Learning","divers",72,2.9,50,57,50
1108,37,9,"Deeper Learning","weiblich",45,4.7,80,92,80
1109,37,9,"Deeper Learning","maennlich",47,3.5,52,52,54
1110,37,9,"Deeper Learning","maennlich",72,3.4,64,76,80
1111,38,10,"Deeper Learning","weiblich",62,3,51,62,60
1112,38,10,"Deeper Learning","weiblich",67,3.8,54,64,63
1113,38,10,"Deeper Learning","maennlich",55,3.9,74,83,75
1114,38,10,"Deeper Learning","maennlich",36,4.1,67,79,76
1115,38,10,"Deeper Learning","maennlich",39,2,55,63,58
1116,38,10,"Deeper Learning","maennlich",53,3.8,65,73,75
1117,38,10,"Deeper Learning","weiblich",43,3.6,57,66,70
1118,38,10,"Deeper Learning","weiblich",36,3.1,69,73,65
1119,38,10,"Deeper Learning","weiblich",49,3.6,55,61,50
1120,38,10,"Deeper Learning","weiblich",39,4.5,75,77,78
1121,38,10,"Deeper Learning","weiblich",71,2.8,54,61,58
1122,38,10,"Deeper Learning","weiblich",58,2.4,54,72,68
1123,38,10,"Deeper Learning","maennlich",75,2.7,39,42,41
1124,38,10,"Deeper Learning","maennlich",42,2.4,47,67,65
1125,38,10,"Deeper Learning","maennlich",47,2.3,69,80,80
1126,38,10,"Deeper Learning","maennlich",58,1.4,41,48,46
1127,38,10,"Deeper Learning","maennlich",46,3.8,58,64,61
1128,38,10,"Deeper Learning","maennlich",28,2.7,37,48,42
1129,38,10,"Deeper Learning","maennlich",43,3.8,77,86,87
1130,38,10,"Deeper Learning","maennlich",41,3.6,57,71,67
1131,38,10,"Deeper Learning","maennlich",52,3.4,68,78,79
1132,38,10,"Deeper Learning","weiblich",39,3.7,52,64,66
1133,38,10,"Deeper Learning","maennlich",43,3.3,63,73,67
1134,38,10,"Deeper Learning","weiblich",24,2.9,56,68,58
1135,38,10,"Deeper Learning","maennlich",42,3.2,64,74,73
1136,38,10,"Deeper Learning","weiblich",73,2.7,49,55,63
1137,38,10,"Deeper Learning","weiblich",47,1.6,64,62,54
1138,38,10,"Deeper Learning","weiblich",30,2.4,58,65,61
1139,38,10,"Deeper Learning","weiblich",55,2.9,68,79,83
1140,38,10,"Deeper Learning","maennlich",47,3.3,46,46,48
1141,39,9,"traditionell","weiblich",46,3.6,51,52,48
1142,39,9,"traditionell","maennlich",67,4.3,66,66,64
1143,39,9,"traditionell","maennlich",41,4.5,78,87,83
1144,39,9,"traditionell","maennlich",51,3.5,57,65,59
1145,39,9,"traditionell","maennlich",39,2.8,52,62,56
1146,39,9,"traditionell","maennlich",39,3.5,54,71,75
1147,39,9,"traditionell","maennlich",48,2.4,54,50,46
1148,39,9,"traditionell","maennlich",28,2.7,51,65,68
1149,39,9,"traditionell","maennlich",48,3.3,60,68,63
1150,39,9,"traditionell","weiblich",50,2.6,61,71,70
1151,39,9,"traditionell","weiblich",81,4.4,79,84,78
1152,39,9,"traditionell","weiblich",61,4.1,58,66,57
1153,39,9,"traditionell","maennlich",43,4,58,68,68
1154,39,9,"traditionell","weiblich",53,2.2,52,50,47
1155,39,9,"traditionell","maennlich",37,2.4,48,58,54
1156,39,9,"traditionell","maennlich",51,2.3,60,69,70
1157,39,9,"traditionell","weiblich",48,3.1,67,81,71
1158,39,9,"traditionell","weiblich",48,2.4,72,80,77
1159,39,9,"traditionell","weiblich",63,3.5,61,64,65
1160,39,9,"traditionell","maennlich",65,3.7,68,67,63
1161,39,9,"traditionell","maennlich",57,3.7,52,61,55
1162,39,9,"traditionell","weiblich",45,2.5,51,59,56
1163,39,9,"traditionell","weiblich",50,2.5,45,49,50
1164,39,9,"traditionell","maennlich",48,3.3,57,64,60
1165,39,9,"traditionell","weiblich",46,3.9,65,67,60
1166,39,9,"traditionell","weiblich",60,2,61,69,67
1167,39,9,"traditionell","maennlich",54,3.4,58,66,56
1168,39,9,"traditionell","weiblich",61,4.5,59,68,58
1169,39,9,"traditionell","maennlich",49,4.2,62,71,69
1170,39,9,"traditionell","weiblich",44,2.7,61,64,59
1171,40,10,"Deeper Learning","maennlich",66,3.1,61,75,77
1172,40,10,"Deeper Learning","maennlich",71,4.2,68,81,73
1173,40,10,"Deeper Learning","weiblich",38,3.3,32,38,43
1174,40,10,"Deeper Learning","weiblich",61,2.9,55,62,61
1175,40,10,"Deeper Learning","maennlich",55,2.4,51,69,67
1176,40,10,"Deeper Learning","weiblich",42,3.1,58,60,58
1177,40,10,"Deeper Learning","maennlich",25,4.2,47,57,58
1178,40,10,"Deeper Learning","weiblich",64,1,50,56,45
1179,40,10,"Deeper Learning","maennlich",69,3.9,66,74,66
1180,40,10,"Deeper Learning","maennlich",54,3.3,64,66,68
1181,40,10,"Deeper Learning","weiblich",43,2.4,50,49,45
1182,40,10,"Deeper Learning","maennlich",52,2.2,54,56,54
1183,40,10,"Deeper Learning","maennlich",53,4.1,74,89,88
1184,40,10,"Deeper Learning","maennlich",65,3.2,56,68,65
1185,40,10,"Deeper Learning","weiblich",40,4.5,72,84,85
1186,40,10,"Deeper Learning","weiblich",48,1.8,54,62,60
1187,40,10,"Deeper Learning","maennlich",52,3.9,78,88,87
1188,40,10,"Deeper Learning","weiblich",11,2.2,33,42,35
1189,40,10,"Deeper Learning","weiblich",66,3,68,79,74
1190,40,10,"Deeper Learning","maennlich",80,3.5,59,66,63
1191,40,10,"Deeper Learning","maennlich",56,4.1,58,72,70
1192,40,10,"Deeper Learning","maennlich",71,4.3,65,76,75
1193,40,10,"Deeper Learning","weiblich",43,2.6,53,72,70
1194,40,10,"Deeper Learning","maennlich",16,3,52,70,62
1195,40,10,"Deeper Learning","maennlich",48,4.5,67,77,80
1196,40,10,"Deeper Learning","maennlich",26,4.4,48,55,53
1197,40,10,"Deeper Learning","maennlich",52,3.7,54,68,66
1198,40,10,"Deeper Learning","weiblich",53,2.7,67,87,85
1199,40,10,"Deeper Learning","maennlich",65,3.5,72,83,83
1200,40,10,"Deeper Learning","maennlich",25,2.9,41,60,64
